ali,5.0
hamid,6.066666666666666
hani,11.375
mandana,7.5
sara,9.75
sarvin,11.375
sina,11.285714285714286
soheila,7.833333333333333
